nombre,precio_sin_descuento,precio_con_descuento,descuento,imagen,colores
Hoodrich Bolsa Raise Clip,"33,00€",,,https://i8.amplience.net/t/jpl/jdes_product_list?plu=jd_721843_al&qlt=92&w=363&h=363&v=1&fmt=auto,
Nike mochila Elemental,"33,00€",,,https://i8.amplience.net/t/jpl/jdes_product_list?plu=jd_708964_al&qlt=92&exclusive=0&wid=363&hei=363&v=1&fmt=auto,"totalmente negro, negro"
Nike mochila Elemental,"33,00€",,,https://i8.amplience.net/t/jpl/jdes_product_list?plu=jd_620219_al&qlt=92&exclusive=0&wid=363&hei=363&v=1&fmt=auto,"negro, negro, negro"
Jordan mochila con estuche,"35,00€",,,https://i8.amplience.net/t/jpl/jdes_product_list?plu=jd_462345_al&qlt=92&w=363&h=363&v=1&fmt=auto,
Jordan mochila bandolera Airborne,"21,00€",,,https://i8.amplience.net/t/jpl/jdes_product_list?plu=jd_511082_al&qlt=92&w=363&h=363&v=1&fmt=auto,"negro, verde"
The North Face mochila Jester,"60,00€",,,/skins/default/public/img/icons/svg/loading.svg,
Jordan Bolso cruzado Rise,"30,00€",,,/skins/default/public/img/icons/svg/loading.svg,
adidas Riñonera Essentials,"18,00€",,,/skins/default/public/img/icons/svg/loading.svg,
Nike Mochila Air Max Heritage,"39,00€",,,/skins/default/public/img/icons/svg/loading.svg,
Nike riñonera Small,"25,00€",,,/skins/default/public/img/icons/svg/loading.svg,
Nike Bolsa Aura Crossbody,"45,00€",,,/skins/default/public/img/icons/svg/loading.svg,
adidas Bolso organizador Essentials,"18,00€",,,/skins/default/public/img/icons/svg/loading.svg,
Hoodrich Bolsa Messenger Apollo,"55,00€",,,/skins/default/public/img/icons/svg/loading.svg,
Lacoste bandolera Tape,"54,00€",,,/skins/default/public/img/icons/svg/loading.svg,
Nike bolsa de deporte Brasilia Small,"38,00€",,,/skins/default/public/img/icons/svg/loading.svg,
Jordan mochila con estuche,"35,00€",,,/skins/default/public/img/icons/svg/loading.svg,"rojo negro, marrón"
Hoodrich Mochila OG Core,"33,00€",,,/skins/default/public/img/icons/svg/loading.svg,
adidas Bolsa de deporte mediana 4ATHLTS,"45,00€",,,/skins/default/public/img/icons/svg/loading.svg,
Nike Bolsa Brasilia Large,"48,00€",,,/skins/default/public/img/icons/svg/loading.svg,
The North Face Bolsa de viaje Y2K,"77,00€",,,/skins/default/public/img/icons/svg/loading.svg,
Hoodrich Bolsa Messenger Raise,"39,00€",,,/skins/default/public/img/icons/svg/loading.svg,
Hoodrich Bolsa Messenger Exclusiva,"60,00€",,,/skins/default/public/img/icons/svg/loading.svg,
Jordan Bolsa Rise Festival,"24,00€",,,/skins/default/public/img/icons/svg/loading.svg,
Under Armour mochila Hustle Lite,"35,00€",,,/skins/default/public/img/icons/svg/loading.svg,
Nike Bolsa para zapatillas Brasilia,"18,00€",,,/skins/default/public/img/icons/svg/loading.svg,
Jordan Bolsa de viaje mediana,"52,00€",,,/skins/default/public/img/icons/svg/loading.svg,
Jordan mochila bandolera Airborne,"20,00€",,,/skins/default/public/img/icons/svg/loading.svg,
adidas Originals Tote Bag Graphic,"30,00€",,,/skins/default/public/img/icons/svg/loading.svg,marrón blanco
Hoodrich OG Core Oversized Clip Mini Bag,"36,00€",,,/skins/default/public/img/icons/svg/loading.svg,
adidas Originals Riñonera Adicolor Classic,"28,00€",,,/skins/default/public/img/icons/svg/loading.svg,"el negro, verde, unknown"
adidas Mochila saco primera equipación Juventus,"20,00€",,,/skins/default/public/img/icons/svg/loading.svg,
The North Face mochila Rodey,"75,00€",,,/skins/default/public/img/icons/svg/loading.svg,
Nike mochila saco Heritage 2.0,"23,00€",,,/skins/default/public/img/icons/svg/loading.svg,
Nike Mochila Swooshfetti,"24,00€",,,/skins/default/public/img/icons/svg/loading.svg,pink negro
Jordan Mochila Classic,"50,00€",,,/skins/default/public/img/icons/svg/loading.svg,"negro, negro"
Hoodrich Mini bolsa OG Limit V2 Clip,"33,00€",,,/skins/default/public/img/icons/svg/loading.svg,
Nike Bolsa Air Max 2.0,"30,00€",,,/skins/default/public/img/icons/svg/loading.svg,
Jordan Mochila Mini,"30,00€",,,/skins/default/public/img/icons/svg/loading.svg,
Jordan Bolsa de viaje Monogram,"125,00€",,,/skins/default/public/img/icons/svg/loading.svg,"negro, negro"
The North Face Bolso Y2K,"35,00€",,,/skins/default/public/img/icons/svg/loading.svg,
Nike Bolso cruzado Aura,"45,00€",,,/skins/default/public/img/icons/svg/loading.svg,
adidas Originals Mochila pequeña Adicolor Classic,"28,00€",,,/skins/default/public/img/icons/svg/loading.svg,
adidas Bolsa de deporte Essentials 3 bandas,"40,00€",,,/skins/default/public/img/icons/svg/loading.svg,
Nike Mochila Swooshfetti,"39,00€",,,/skins/default/public/img/icons/svg/loading.svg,negro rosa
adidas mochila Badge of Sport,"25,00€",,,/skins/default/public/img/icons/svg/loading.svg,
Jordan bolsa de deporte,"50,00€",,,/skins/default/public/img/icons/svg/loading.svg,"negro, negro, blanco"
adidas Bolsa para calzado Tiro Primegreen,"18,00€",,,/skins/default/public/img/icons/svg/loading.svg,
Nike Brasilia Bag,"35,00€",,,/skins/default/public/img/icons/svg/loading.svg,
MONTIREX Bolsa Crossbody,"36,00€",,,/skins/default/public/img/icons/svg/loading.svg,
Jordan Bolsa Messenger Monogram,"69,00€",,,/skins/default/public/img/icons/svg/loading.svg,
The North Face Bolso Cross Body Jester,"40,00€",,,/skins/default/public/img/icons/svg/loading.svg,
Nike Bolsa Medium Brasilia,"44,00€",,,/skins/default/public/img/icons/svg/loading.svg,
Nike Bolsa Woven Gym Club 2,"43,00€",,,/skins/default/public/img/icons/svg/loading.svg,
Under Armour bolsa de deporte Undeniable Large,"50,00€",,,/skins/default/public/img/icons/svg/loading.svg,
Nike Bolsa Crossbody Elemental Premium,"33,00€",,,/skins/default/public/img/icons/svg/loading.svg,
Jordan Bolsa Duffle Monogram,"125,00€",,,/skins/default/public/img/icons/svg/loading.svg,
Jordan Mochila Monograma,"110,00€",,,/skins/default/public/img/icons/svg/loading.svg,
adidas Originals Tote Bag Graphic,"30,00€",,,/skins/default/public/img/icons/svg/loading.svg,blanco marrón
Jordan Bolsa Monograma,"45,00€",,,/skins/default/public/img/icons/svg/loading.svg,"negro, negro"
Jordan Bolsa Duffle Cordura,"101,00€",,,/skins/default/public/img/icons/svg/loading.svg,
Jordan Bolsa para cámara Monogram,"55,00€",,,/skins/default/public/img/icons/svg/loading.svg,
adidas Bolsa de deporte pequeña 4ATHLTS,"40,00€",,,/skins/default/public/img/icons/svg/loading.svg,
adidas Mochila 4ATHLTS Camper,"45,00€",,,/skins/default/public/img/icons/svg/loading.svg,
adidas Riñonera Terrex Aeroready,"90,00€",,,/skins/default/public/img/icons/svg/loading.svg,
Nike Bandolera Essential,"28,00€",,,/skins/default/public/img/icons/svg/loading.svg,
adidas Bolsa de deporte grande 4ATHLTS,"50,00€",,,/skins/default/public/img/icons/svg/loading.svg,
New Balance Mono Canvas Tote Bag,"42,00€",,,/skins/default/public/img/icons/svg/loading.svg,"crema marrón, verde, blanco"
Jordan mochila bandolera Airborne,"21,00€",,,/skins/default/public/img/icons/svg/loading.svg,oliva negro
adidas Bolsa de deporte Manchester United FC,"21,00€",,,/skins/default/public/img/icons/svg/loading.svg,
New Balance Mono Canvas Tote Bag,"42,00€",,,/skins/default/public/img/icons/svg/loading.svg,"natural marrón, verde, blanco"
New Balance Mono Canvas Tote Bag,"42,00€",,,/skins/default/public/img/icons/svg/loading.svg,"verde, marrón, blanco, blanco"
EA7 Emporio Armani Mochila Core,"60,00€",,,/skins/default/public/img/icons/svg/loading.svg,
Jordan Bolsa Monograma,"55,00€",,,https://i8.amplience.net/t/jpl/jdes_product_list?plu=jd_712076_al&qlt=92&w=363&h=363&v=1&fmt=auto,"negro, negro"
adidas Originals Bolsa de deporte,"40,00€",,,https://i8.amplience.net/t/jpl/jdes_product_list?plu=jd_IW8620_al&qlt=92&w=363&h=363&v=1&fmt=auto,
Jordan Bolsa de viaje Monogram,"130,00€",,,https://i8.amplience.net/t/jpl/jdes_product_list?plu=jd_712086_al&qlt=92&w=363&h=363&v=1&fmt=auto,"negro, negro"
Jordan Mochila Monograma,"110,00€",,,https://i8.amplience.net/t/jpl/jdes_product_list?plu=jd_712095_al&qlt=92&w=363&h=363&v=1&fmt=auto,"negro, negro"
Lacoste Bolso,"119,00€",,,https://i8.amplience.net/t/jpl/jdes_product_list?plu=jd_717675_al&qlt=92&w=363&h=363&v=1&fmt=auto,
Nike Mochila Heritage 2.0,"42,00€",,,https://i8.amplience.net/t/jpl/jdes_product_list?plu=jd_708966_al&qlt=92&exclusive=0&wid=363&hei=363&v=1&fmt=auto,
Nike mochila Heritage,"33,00€",,,https://i8.amplience.net/t/jpl/jdes_product_list?plu=jd_708971_al&qlt=92&exclusive=0&wid=363&hei=363&v=1&fmt=auto,
adidas Mochila primera equipación Manchester United,"40,00€",,,https://i8.amplience.net/t/jpl/jdes_product_list?plu=jd_IY0439_al&qlt=92&w=363&h=363&v=1&fmt=auto,
adidas Bolso pequeño adidas City Explorer,"18,00€",,,/skins/default/public/img/icons/svg/loading.svg,
adidas Terrex Mochila Terrex Aeroready Multi-Sport,"100,00€",,,/skins/default/public/img/icons/svg/loading.svg,
adidas Riñonera España Football,"25,00€",,,/skins/default/public/img/icons/svg/loading.svg,
adidas Mochila España Football,"40,00€",,,/skins/default/public/img/icons/svg/loading.svg,
adidas Originals Arsenal FC Tote Bag,"48,00€",,,/skins/default/public/img/icons/svg/loading.svg,
adidas Originals MINI AIRLINER,"40,00€",,,/skins/default/public/img/icons/svg/loading.svg,
adidas Mochila 4ATHLTS Camper,"45,00€",,,/skins/default/public/img/icons/svg/loading.svg,
MONTIREX Mochila Apex,"65,00€",,,/skins/default/public/img/icons/svg/loading.svg,
MONTIREX Mochila Trail,"77,00€",,,/skins/default/public/img/icons/svg/loading.svg,
adidas Bolsa de deporte segunda equipación FC Bayern,"60,00€",,,/skins/default/public/img/icons/svg/loading.svg,
adidas Bolsa de deporte Newcastle United FC Tiro,"35,00€",,,/skins/default/public/img/icons/svg/loading.svg,
adidas Originals Bolso redondo Adicolor Classic Round,"30,00€",,,/skins/default/public/img/icons/svg/loading.svg,
adidas Originals Riñonera Premium Essentials,"35,00€",,,/skins/default/public/img/icons/svg/loading.svg,
adidas Originals Glam Goth Shopper Bag,"60,00€",,,/skins/default/public/img/icons/svg/loading.svg,
adidas Originals Bolso pequeño Airliner Premium Essentials,"35,00€",,,/skins/default/public/img/icons/svg/loading.svg,
adidas Bolso Small Item,"28,00€",,,/skins/default/public/img/icons/svg/loading.svg,
adidas Originals Bolso Small Airliner,"25,00€",,,/skins/default/public/img/icons/svg/loading.svg,
adidas Riñonera Hybrid,"28,00€",,,/skins/default/public/img/icons/svg/loading.svg,
adidas Terrex Bolsa de deporte mediana Terrex RAIN.RDY Expedition - 70 l,"160,00€",,,/skins/default/public/img/icons/svg/loading.svg,
adidas Bolsa de deporte grande Terrex RAIN.RDY Expedition - 100 l,"180,00€",,,/skins/default/public/img/icons/svg/loading.svg,
adidas Bolsa de deporte grande Terrex RAIN.RDY Expedition - 100 l,"180,00€",,,/skins/default/public/img/icons/svg/loading.svg,
adidas Bolso adidas x NTS Radio Small Item,"35,00€",,,/skins/default/public/img/icons/svg/loading.svg,
adidas Bolso Tote,"40,00€",,,/skins/default/public/img/icons/svg/loading.svg,
Nike Blazer Wristlet,"45,00€",,,/skins/default/public/img/icons/svg/loading.svg,
adidas Originals Bolso redondo Adicolor Classic Round,"30,00€",,,/skins/default/public/img/icons/svg/loading.svg,
adidas Bolso Mini Airliner Adicolor Classic,"30,00€",,,/skins/default/public/img/icons/svg/loading.svg,
adidas Mochila Power,"40,00€",,,/skins/default/public/img/icons/svg/loading.svg,
Jordan bolsa de deporte,"54,00€",,,/skins/default/public/img/icons/svg/loading.svg,"blanco, negro, negro"
Nike Riñonera Heritage,"28,00€",,,/skins/default/public/img/icons/svg/loading.svg,
adidas Mochila Alemania Football,"50,00€",,,/skins/default/public/img/icons/svg/loading.svg,
adidas Bolsa para botas de fútbol Alemania,"20,00€",,,/skins/default/public/img/icons/svg/loading.svg,
adidas Originals Bolso pequeño Airliner Premium Essentials,"35,00€",,,/skins/default/public/img/icons/svg/loading.svg,
adidas Bolso Adicolor Classic Festival,"23,00€",,,/skins/default/public/img/icons/svg/loading.svg,de azul
adidas Mochila Adicolor,"33,00€",,,/skins/default/public/img/icons/svg/loading.svg,
adidas Originals Bolso redondo Adicolor Classic Round,"30,00€",,,/skins/default/public/img/icons/svg/loading.svg,
Jordan Bolsa Wash Monogram,"64,00€",,,/skins/default/public/img/icons/svg/loading.svg,
Jordan mochila Monogram,"77,00€",,,/skins/default/public/img/icons/svg/loading.svg,"gris, gris"
Jordan mochila Monogram,"119,00€",,,/skins/default/public/img/icons/svg/loading.svg,"gris, gris"
adidas Mochila Camo Graphics,"38,00€",,,/skins/default/public/img/icons/svg/loading.svg,
adidas Originals Mochila Monogram,"38,00€",,,/skins/default/public/img/icons/svg/loading.svg,
adidas Mochila Cocoon,"45,00€",,,/skins/default/public/img/icons/svg/loading.svg,
adidas Originals Mochila Sport,"55,00€",,,/skins/default/public/img/icons/svg/loading.svg,
adidas Mochila Adicolor Archive,"38,00€",,,/skins/default/public/img/icons/svg/loading.svg,se negro
adidas Originals Bkpk Outln Trfl Blk/wht,"33,00€",,,/skins/default/public/img/icons/svg/loading.svg,
adidas Originals Trefoil Small Items Bag,"25,00€",,,/skins/default/public/img/icons/svg/loading.svg,
adidas Bolso Premium Essentials Shopper,"40,00€",,,/skins/default/public/img/icons/svg/loading.svg,
adidas Originals Adicolor Archive Backpack,"38,00€",,,/skins/default/public/img/icons/svg/loading.svg,
adidas Originals Adicolor Archive Waist Bag,"30,00€",,,/skins/default/public/img/icons/svg/loading.svg,
adidas Originals Riñonera Adicolor Classic,"28,00€",,,/skins/default/public/img/icons/svg/loading.svg,"el negro, verde, unknown"
adidas Bolso Adicolor Classic Shopper,"23,00€",,,/skins/default/public/img/icons/svg/loading.svg,
adidas Originals Bolso Adicolor Festival,"23,00€",,,/skins/default/public/img/icons/svg/loading.svg,
adidas Originals Bolso Adicolor Festival,"23,00€",,,/skins/default/public/img/icons/svg/loading.svg,
adidas Mochila Adicolor,"33,00€",,,/skins/default/public/img/icons/svg/loading.svg,
adidas Mochila Adicolor,"33,00€",,,/skins/default/public/img/icons/svg/loading.svg,
adidas Mochila Lounge Prime,"45,00€",,,/skins/default/public/img/icons/svg/loading.svg,
adidas Mochila Power,"40,00€",,,/skins/default/public/img/icons/svg/loading.svg,
adidas Mochila Adicolor Archive,"38,00€",,,/skins/default/public/img/icons/svg/loading.svg,se verde
adidas Bolsa con ruedas grande,"230,00€",,,/skins/default/public/img/icons/svg/loading.svg,
adidas Mochila Xplorer,"40,00€",,,/skins/default/public/img/icons/svg/loading.svg,
adidas Riñonera Xplorer,"25,00€",,,/skins/default/public/img/icons/svg/loading.svg,
adidas Bolsa con ruedas pequeña,"200,00€",,,/skins/default/public/img/icons/svg/loading.svg,
adidas Mochila Adicolor,"33,00€",,,/skins/default/public/img/icons/svg/loading.svg,
adidas Bolso Adicolor Classic Festival,"23,00€",,,/skins/default/public/img/icons/svg/loading.svg,de naranja
adidas Originals Bolso redondo Adicolor Classic Round,"30,00€",,,/skins/default/public/img/icons/svg/loading.svg,
adidas Originals Bolso redondo Adicolor Classic Round,"30,00€",,,https://i8.amplience.net/t/jpl/jdes_product_list?plu=jd_IS4548_al&qlt=92&w=363&h=363&v=1&fmt=auto,
adidas Mochila Ultramodern,"45,00€",,,https://i8.amplience.net/t/jpl/jdes_product_list?plu=jd_IP9776_al&qlt=92&w=363&h=363&v=1&fmt=auto,
adidas Bolsa de deporte mediana 4ATHLTS,"45,00€",,,https://i8.amplience.net/t/jpl/jdes_product_list?plu=jd_IL5754_al&qlt=92&w=363&h=363&v=1&fmt=auto,
adidas Mochila Classic Foundation,"23,00€",,,https://i8.amplience.net/t/jpl/jdes_product_list?plu=jd_HR5341_al&qlt=92&w=363&h=363&v=1&fmt=auto,
adidas Originals Mochila adidas Adventure,"85,00€",,,https://i8.amplience.net/t/jpl/jdes_product_list?plu=jd_II3334_al&qlt=92&w=363&h=363&v=1&fmt=auto,
adidas Originals Riñonera Adicolor Classic,"28,00€",,,https://i8.amplience.net/t/jpl/jdes_product_list?plu=jd_IL4814_al&qlt=92&w=363&h=363&v=1&fmt=auto,"el verde, unknown, unknown"
adidas Mochila 4ATHLTS Camper,"45,00€",,,https://i8.amplience.net/t/jpl/jdes_product_list?plu=jd_IL5748_al&qlt=92&w=363&h=363&v=1&fmt=auto,
adidas Mochila Classic Foundation,"23,00€",,,https://i8.amplience.net/t/jpl/jdes_product_list?plu=jd_HT4768_al&qlt=92&w=363&h=363&v=1&fmt=auto,
adidas Bolso Adicolor Classic Festival,"23,00€",,,/skins/default/public/img/icons/svg/loading.svg,
adidas Originals Riñonera,"30,00€",,,/skins/default/public/img/icons/svg/loading.svg,
adidas Originals Mochila,"38,00€",,,/skins/default/public/img/icons/svg/loading.svg,
adidas Bolsa de deporte mediana Tiro League,"42,00€",,,/skins/default/public/img/icons/svg/loading.svg,
adidas Bolsa de deporte mediana Tiro League,"42,00€",,,/skins/default/public/img/icons/svg/loading.svg,
adidas Bolsa de deporte grande Tiro 23 League,"52,00€",,,/skins/default/public/img/icons/svg/loading.svg,
adidas Mochila Classic Badge of Sport,"28,00€",,,/skins/default/public/img/icons/svg/loading.svg,
adidas Bolso cruzado Essentials Training,"18,00€",,,/skins/default/public/img/icons/svg/loading.svg,
adidas Riñonera Classic Foundation,"18,00€",,,/skins/default/public/img/icons/svg/loading.svg,
adidas Riñonera Essentials,"18,00€",,,/skins/default/public/img/icons/svg/loading.svg,
Under Armour Bolsa Undeniable 5.0 Small Duffle,"40,00€",,,/skins/default/public/img/icons/svg/loading.svg,
Under Armour Bolsa de asa Undeniable Medium,"48,00€",,,/skins/default/public/img/icons/svg/loading.svg,
Under Armour bolsa de deporte Undeniable Small,"35,00€",,,/skins/default/public/img/icons/svg/loading.svg,
Jordan bolsa de deporte,"60,00€",,,/skins/default/public/img/icons/svg/loading.svg,"negro. negro, blanco"
Under Armour bolsa Grip Undeniable Xtra Small,"35,00€",,,/skins/default/public/img/icons/svg/loading.svg,
Berghaus mochila Brand 25,"47,00€",,,/skins/default/public/img/icons/svg/loading.svg,
Under Armour Bolsa de viaje Undeniable Small,"40,00€",,,/skins/default/public/img/icons/svg/loading.svg,
adidas Originals Mochila Adicolor,"33,00€","18,00€",45%,/skins/default/public/img/icons/svg/loading.svg,
Hoodrich Mochila Raise,"45,00€","30,00€",33%,/skins/default/public/img/icons/svg/loading.svg,
Nike Pack Essential Air Max Hip,"28,00€","17,00€",39%,/skins/default/public/img/icons/svg/loading.svg,
Jordan Mochila Classic,"50,00€","30,00€",40%,/skins/default/public/img/icons/svg/loading.svg,"negro, negro"
Jordan Bolsa cruzada Hover,"36,00€","24,00€",33%,/skins/default/public/img/icons/svg/loading.svg,
Jordan mochila con estuche,"36,00€","21,00€",42%,/skins/default/public/img/icons/svg/loading.svg,"camuflaje. rojo, negro"
Hoodrich Bolsa OG Core Clip Crossbody,"30,00€","18,00€",40%,/skins/default/public/img/icons/svg/loading.svg,
adidas Originals Riñonera Trefoil Crossbody,"28,00€","14,00€",50%,/skins/default/public/img/icons/svg/loading.svg,
Nike Mochila Heritage Leopard,"42,00€","24,00€",43%,/skins/default/public/img/icons/svg/loading.svg,
adidas Mochila Classic Badge of Sport,"25,00€","15,00€",40%,/skins/default/public/img/icons/svg/loading.svg,
adidas Bolsa de deporte extrapequeña Essentials Linear,"25,00€","15,00€",40%,/skins/default/public/img/icons/svg/loading.svg,
Lacoste Mochila Large Croc,"77,00€","48,00€",38%,/skins/default/public/img/icons/svg/loading.svg,
adidas Originals Mochila Classic,"33,00€","18,00€",45%,/skins/default/public/img/icons/svg/loading.svg,"wonder blanco, azul"
adidas Originals Mochila Classic,"33,00€","18,00€",45%,/skins/default/public/img/icons/svg/loading.svg,"clear blanco, marrón"
adidas Originals Mochila Adicolor,"33,00€","24,00€",27%,/skins/default/public/img/icons/svg/loading.svg,
adidas Originals Riñonera Adicolor Classic,"32,00€","14,00€",56%,/skins/default/public/img/icons/svg/loading.svg,"el negro, unknown, unknown"
adidas Mochila Power,"40,00€","30,00€",25%,/skins/default/public/img/icons/svg/loading.svg,
Nike Pack Essential Air Max Hip,"30,00€","21,00€",30%,/skins/default/public/img/icons/svg/loading.svg,
adidas Originals Bolso Adicolor Classic Festival,"24,00€","14,00€",42%,/skins/default/public/img/icons/svg/loading.svg,
adidas Mochila Essentials Linear,"28,00€","17,00€",39%,/skins/default/public/img/icons/svg/loading.svg,
adidas Bolsa de deporte Essentials,"30,00€","20,00€",33%,/skins/default/public/img/icons/svg/loading.svg,
adidas Originals Bolso Small Airliner,"25,00€","14,00€",44%,/skins/default/public/img/icons/svg/loading.svg,
adidas Bolsa de deporte grande Essentials,"40,00€","26,00€",35%,/skins/default/public/img/icons/svg/loading.svg,
adidas Bolsa de deporte mediana Essentials Linear,"35,00€","23,00€",34%,/skins/default/public/img/icons/svg/loading.svg,
Under Armour mochila bandolera Loudon,"24,00€","18,00€",25%,/skins/default/public/img/icons/svg/loading.svg,
adidas Mochila primera equipación Arsenal,"48,00€","30,00€",37%,/skins/default/public/img/icons/svg/loading.svg,
adidas Originals Bolso redondo Adicolor Classic Round,"30,00€","20,00€",33%,/skins/default/public/img/icons/svg/loading.svg,
MONTIREX Bolsa Passport,"20,00€","14,00€",30%,/skins/default/public/img/icons/svg/loading.svg,
Converse Liverpool FC Pocket Bag,"35,00€","18,00€",49%,/skins/default/public/img/icons/svg/loading.svg,
Lacoste mochila Tape,"82,00€","42,00€",49%,/skins/default/public/img/icons/svg/loading.svg,
adidas Bolsa de deporte mediana Tiro League,"45,00€","34,00€",24%,/skins/default/public/img/icons/svg/loading.svg,
adidas Bolsa de deporte pequeña Tiro League,"38,00€","29,00€",24%,/skins/default/public/img/icons/svg/loading.svg,
adidas Bolsa de deporte mediana Tiro League,"45,00€","34,00€",24%,/skins/default/public/img/icons/svg/loading.svg,
